{
  "model": "Hybrid GMM (DenseNet121 embeddings)",
  "accuracy": 0.9467966573816156,
  "macro_f1": 0.9259930485547009,
  "in_dist_accuracy": 0.983420740991372,
  "in_dist_f1": 0.9625694149920684,
  "ood_detection_rate": 0.1767409470752089,
  "ood_threshold": 1961.503662109375,
  "n_ood_samples": 1269,
  "n_total_samples": 7180
}