model,accuracy,macro_f1,auroc,ood_rate
HOG + SVM,0.48147632311977717,0.42464197924132907,0.8233315470288581,N/A
ResNet18,0.936908077994429,0.9185528367919922,0.9956417808971079,N/A
Hybrid GMM,0.936908077994429,0.9185528367919922,N/A,0.2520891364902507
