{
  "ece": 0.09751753616963921,
  "mean_confidence_correct": 0.8608788251876831,
  "mean_confidence_incorrect": 0.6827883124351501,
  "accuracy": 0.9467966573816156
}