{
  "Adipose": {
    "accuracy": 0.9970104633781763,
    "f1": 0.9852289512555391
  },
  "Background": {
    "accuracy": 1.0,
    "f1": 0.9877551020408163
  },
  "Debris": {
    "accuracy": 0.9203539823008849,
    "f1": 0.897841726618705
  },
  "Lymphocytes": {
    "accuracy": 0.9936908517350158,
    "f1": 0.975987606506584
  },
  "Mucus": {
    "accuracy": 0.9400966183574879,
    "f1": 0.9667163437655241
  },
  "Smooth Muscle": {
    "accuracy": 0.8226351351351351,
    "f1": 0.8389319552110249
  },
  "Normal Colon Mucosa": {
    "accuracy": 0.9595141700404858,
    "f1": 0.9673469387755103
  },
  "Cancer-associated Stroma": {
    "accuracy": 0.7553444180522565,
    "f1": 0.7491166077738516
  },
  "Colorectal Adenocarcinoma": {
    "accuracy": 0.9618815896188159,
    "f1": 0.9650122050447518
  }
}