{
  "model": "HOG + SVM (RBF)",
  "accuracy": 0.48147632311977717,
  "macro_f1": 0.42464197924132907,
  "per_class": {
    "Adipose": {
      "precision": 0.8038976857490865,
      "recall": 0.9865470852017937,
      "f1-score": 0.8859060402684564
    },
    "Background": {
      "precision": 0.7545219638242894,
      "recall": 0.6894923258559622,
      "f1-score": 0.7205428747686613
    },
    "Debris": {
      "precision": 0.11837455830388692,
      "recall": 0.1976401179941003,
      "f1-score": 0.14806629834254142
    },
    "Lymphocytes": {
      "precision": 0.5211640211640212,
      "recall": 0.6214511041009464,
      "f1-score": 0.5669064748201439
    },
    "Mucus": {
      "precision": 0.2718954248366013,
      "recall": 0.20096618357487922,
      "f1-score": 0.2311111111111111
    },
    "Smooth Muscle": {
      "precision": 0.3041871921182266,
      "recall": 0.4172297297297297,
      "f1-score": 0.35185185185185186
    },
    "Normal Colon Mucosa": {
      "precision": 0.4879852125693161,
      "recall": 0.3562753036437247,
      "f1-score": 0.4118564742589704
    },
    "Cancer-associated Stroma": {
      "precision": 0.20095693779904306,
      "recall": 0.3990498812351544,
      "f1-score": 0.26730310262529833
    },
    "Colorectal Adenocarcinoma": {
      "precision": 0.42008196721311475,
      "recall": 0.16626115166261152,
      "f1-score": 0.23823358512492737
    }
  }
}