{
  "model": "ResNet18 (fine-tuned)",
  "accuracy": 0.9194986072423398,
  "macro_f1": 0.894947582059232,
  "test_loss": 0.3408504886049414,
  "best_epoch": 28,
  "total_epochs": 30
}